mode,workers,repeat,forks,elapsed_seconds,max_rss_bytes,records,body_sha256,matches_reference
serial,1,1,0,32.271419,2377678848,59013,16cc94c0afee4553d18f37b8a0083b8f5011d32cab753c72f75e24a125664b30,True
serial,1,2,0,34.865237,2452914176,59013,16cc94c0afee4553d18f37b8a0083b8f5011d32cab753c72f75e24a125664b30,True
serial,1,3,0,27.913312,2588459008,59013,16cc94c0afee4553d18f37b8a0083b8f5011d32cab753c72f75e24a125664b30,True
parallel,1,1,1,25.304602,2971172864,59013,16cc94c0afee4553d18f37b8a0083b8f5011d32cab753c72f75e24a125664b30,True
parallel,1,2,1,22.123664,2997616640,59013,16cc94c0afee4553d18f37b8a0083b8f5011d32cab753c72f75e24a125664b30,True
parallel,1,3,1,30.523975,3134390272,59013,16cc94c0afee4553d18f37b8a0083b8f5011d32cab753c72f75e24a125664b30,True
parallel,2,1,1,24.509665,2965209088,59013,16cc94c0afee4553d18f37b8a0083b8f5011d32cab753c72f75e24a125664b30,True
parallel,2,2,1,22.230797,3047686144,59013,16cc94c0afee4553d18f37b8a0083b8f5011d32cab753c72f75e24a125664b30,True
parallel,2,3,1,21.470488,2952855552,59013,16cc94c0afee4553d18f37b8a0083b8f5011d32cab753c72f75e24a125664b30,True
parallel,4,1,1,23.755007,3091251200,59013,16cc94c0afee4553d18f37b8a0083b8f5011d32cab753c72f75e24a125664b30,True
parallel,4,2,1,28.398364,3043491840,59013,16cc94c0afee4553d18f37b8a0083b8f5011d32cab753c72f75e24a125664b30,True
parallel,4,3,1,26.465178,3106996224,59013,16cc94c0afee4553d18f37b8a0083b8f5011d32cab753c72f75e24a125664b30,True
parallel,8,1,1,23.675556,2989670400,59013,16cc94c0afee4553d18f37b8a0083b8f5011d32cab753c72f75e24a125664b30,True
parallel,8,2,1,22.839925,2969600000,59013,16cc94c0afee4553d18f37b8a0083b8f5011d32cab753c72f75e24a125664b30,True
parallel,8,3,1,22.715933,3329490944,59013,16cc94c0afee4553d18f37b8a0083b8f5011d32cab753c72f75e24a125664b30,True
