workers,target_partitions,baseline_median_seconds,candidate_median_seconds,elapsed_change_percent,baseline_median_rss_bytes,candidate_median_rss_bytes,rss_change_percent,candidate_outputs_match,status
1,1,22.189353,22.081093,-0.488,3148431360,2876506112,-8.637,True,neutral
1,2,19.070768,15.352917,-19.495,2991865856,2948775936,-1.44,True,improvement
1,4,13.85554,10.790977,-22.118,3073540096,2949480448,-4.036,True,improvement
1,6,12.814767,9.706101,-24.258,3379412992,3148562432,-6.831,True,improvement
1,8,11.161861,9.83011,-11.931,3397419008,2979692544,-12.295,True,improvement
1,10,11.811418,10.098809,-14.5,3387031552,2998108160,-11.483,True,improvement
1,12,11.001753,10.365177,-5.786,3573252096,3517972480,-1.547,True,improvement
1,16,10.945453,10.77816,-1.528,3793108992,3737468928,-1.467,True,neutral
2,1,19.918915,20.626433,3.552,2951036928,2915647488,-1.199,True,neutral
2,2,16.142636,15.794205,-2.158,2896068608,2845310976,-1.753,True,neutral
2,4,14.141718,10.305395,-27.128,3109715968,2959114240,-4.843,True,improvement
2,6,13.788336,9.966851,-27.715,3497607168,3243098112,-7.277,True,improvement
2,8,10.458664,9.590822,-8.298,3300655104,3119595520,-5.486,True,improvement
2,10,11.86913,9.991096,-15.823,3376021504,2965733376,-12.153,True,improvement
2,12,11.291927,10.383525,-8.045,3415638016,3327229952,-2.588,True,improvement
2,16,11.390729,11.087191,-2.665,3881402368,3579854848,-7.769,True,neutral
4,1,22.121572,23.038379,4.144,2931916800,3009118208,2.633,True,neutral
4,2,14.144834,14.870755,5.132,2848276480,2817900544,-1.066,True,regression
4,4,13.574179,10.146563,-25.251,2947268608,3042361344,3.226,True,improvement
4,6,13.415621,9.718411,-27.559,3548184576,3140698112,-11.484,True,improvement
4,8,12.187258,9.654443,-20.782,3645734912,3069427712,-15.808,True,improvement
4,10,10.952752,9.850245,-10.066,3360391168,2997207040,-10.808,True,improvement
4,12,11.228594,10.624945,-5.376,3467837440,3158671360,-8.915,True,improvement
4,16,11.26674,11.172389,-0.837,3801874432,3537846272,-6.945,True,neutral
6,1,21.54078,20.830679,-3.297,2913468416,2948136960,1.19,True,neutral
6,2,15.846276,15.919367,0.461,2847064064,2825912320,-0.743,True,neutral
6,4,15.830598,11.380299,-28.112,2972516352,3029909504,1.931,True,improvement
6,6,13.140268,9.764157,-25.693,3348447232,3142811648,-6.141,True,improvement
6,8,11.558801,9.555415,-17.332,3513319424,2965372928,-15.596,True,improvement
6,10,10.606664,9.986072,-5.851,3468443648,3094495232,-10.781,True,improvement
6,12,10.900932,10.721944,-1.642,3486220288,3461840896,-0.699,True,neutral
6,16,10.605583,11.324962,6.783,3425484800,3594502144,4.934,True,regression
8,1,21.670104,22.488474,3.776,2917105664,2951249920,1.17,True,neutral
8,2,14.333177,15.855032,10.618,2881830912,2823553024,-2.022,True,regression
8,4,13.846121,10.578729,-23.598,3091824640,3072131072,-0.637,True,improvement
8,6,13.391675,9.360181,-30.104,3437920256,3023470592,-12.055,True,improvement
8,8,11.773935,9.546802,-18.916,3389947904,3010084864,-11.206,True,improvement
8,10,10.798656,9.924643,-8.094,3452436480,2976808960,-13.777,True,improvement
8,12,11.715551,10.339774,-11.743,3626778624,3209592832,-11.503,True,improvement
8,16,11.849412,10.898758,-8.023,3590275072,3629809664,1.101,True,improvement
10,1,19.197746,20.411375,6.322,2935472128,2964357120,0.984,True,regression
10,2,13.980672,15.26752,9.204,2815082496,2870165504,1.957,True,regression
10,4,15.763507,10.527435,-33.216,3045654528,2954919936,-2.979,True,improvement
10,6,12.540333,9.512882,-24.142,3531620352,3084107776,-12.672,True,improvement
10,8,12.995432,9.961232,-23.348,3368779776,3149627392,-6.505,True,improvement
10,10,11.139895,10.063628,-9.661,3483697152,3013640192,-13.493,True,improvement
10,12,10.537665,10.26961,-2.544,3422699520,3197779968,-6.571,True,neutral
10,16,11.475398,10.965914,-4.44,3803480064,3682664448,-3.176,True,neutral
12,1,19.431626,20.524681,5.625,2982920192,2966962176,-0.535,True,regression
12,2,15.445174,13.518642,-12.473,2849275904,2910404608,2.145,True,improvement
12,4,15.326183,10.63434,-30.613,3030794240,2980151296,-1.671,True,improvement
12,6,12.659148,9.67359,-23.584,3247849472,3200040960,-1.472,True,improvement
12,8,11.014553,9.572266,-13.094,3419029504,3148513280,-7.912,True,improvement
12,10,11.797628,10.211696,-13.443,3315400704,3059564544,-7.717,True,improvement
12,12,10.816787,10.321246,-4.581,3460743168,3366092800,-2.735,True,neutral
12,16,10.921856,10.700209,-2.029,3562749952,3728490496,4.652,True,neutral
16,1,18.975182,20.404134,7.531,2843934720,3065659392,7.796,True,regression
16,2,15.305722,14.817896,-3.187,2809380864,2881880064,2.581,True,neutral
16,4,13.7409,10.425076,-24.131,3017261056,2982707200,-1.145,True,improvement
16,6,13.451649,9.947933,-26.047,3300179968,3226583040,-2.23,True,improvement
16,8,11.243224,9.42256,-16.193,3422748672,3045441536,-11.024,True,improvement
16,10,10.783961,9.904071,-8.159,3419930624,3116072960,-8.885,True,improvement
16,12,11.025161,10.32339,-6.365,3309338624,3408658432,3.001,True,improvement
16,16,11.130015,10.978032,-1.366,3639099392,3556409344,-2.272,True,neutral
