mode,workers,repeat,forks,target_partitions,elapsed_seconds,max_rss_bytes,records,body_sha256,matches_reference
parallel,1,1,1,1,18.598644,2921480192,59013,16cc94c0afee4553d18f37b8a0083b8f5011d32cab753c72f75e24a125664b30,True
parallel,1,1,1,16,11.15026,3772907520,59013,16cc94c0afee4553d18f37b8a0083b8f5011d32cab753c72f75e24a125664b30,True
parallel,10,5,1,10,10.917178,3313713152,59013,16cc94c0afee4553d18f37b8a0083b8f5011d32cab753c72f75e24a125664b30,True
parallel,1,2,1,8,10.903054,3356246016,59013,16cc94c0afee4553d18f37b8a0083b8f5011d32cab753c72f75e24a125664b30,True
parallel,1,5,1,16,11.063692,4143628288,59013,16cc94c0afee4553d18f37b8a0083b8f5011d32cab753c72f75e24a125664b30,True
parallel,10,2,1,10,11.552239,3580116992,59013,16cc94c0afee4553d18f37b8a0083b8f5011d32cab753c72f75e24a125664b30,True
parallel,1,2,1,16,11.310616,3610066944,59013,16cc94c0afee4553d18f37b8a0083b8f5011d32cab753c72f75e24a125664b30,True
parallel,2,4,1,10,10.996249,3428106240,59013,16cc94c0afee4553d18f37b8a0083b8f5011d32cab753c72f75e24a125664b30,True
parallel,1,1,1,12,12.011491,3392290816,59013,16cc94c0afee4553d18f37b8a0083b8f5011d32cab753c72f75e24a125664b30,True
parallel,10,1,1,10,10.460776,3238428672,59013,16cc94c0afee4553d18f37b8a0083b8f5011d32cab753c72f75e24a125664b30,True
parallel,2,4,1,2,13.744151,2927116288,59013,16cc94c0afee4553d18f37b8a0083b8f5011d32cab753c72f75e24a125664b30,True
parallel,1,5,1,8,11.112954,3318382592,59013,16cc94c0afee4553d18f37b8a0083b8f5011d32cab753c72f75e24a125664b30,True
parallel,1,4,1,16,11.297671,3630448640,59013,16cc94c0afee4553d18f37b8a0083b8f5011d32cab753c72f75e24a125664b30,True
parallel,1,3,1,16,11.247967,3950772224,59013,16cc94c0afee4553d18f37b8a0083b8f5011d32cab753c72f75e24a125664b30,True
parallel,2,2,1,2,13.264594,2831335424,59013,16cc94c0afee4553d18f37b8a0083b8f5011d32cab753c72f75e24a125664b30,True
parallel,6,5,1,10,10.631703,3300261888,59013,16cc94c0afee4553d18f37b8a0083b8f5011d32cab753c72f75e24a125664b30,True
parallel,1,3,1,1,19.588094,2908798976,59013,16cc94c0afee4553d18f37b8a0083b8f5011d32cab753c72f75e24a125664b30,True
parallel,6,1,1,10,12.072145,3439558656,59013,16cc94c0afee4553d18f37b8a0083b8f5011d32cab753c72f75e24a125664b30,True
parallel,10,4,1,10,10.546697,3319169024,59013,16cc94c0afee4553d18f37b8a0083b8f5011d32cab753c72f75e24a125664b30,True
parallel,1,4,1,1,18.770841,3028205568,59013,16cc94c0afee4553d18f37b8a0083b8f5011d32cab753c72f75e24a125664b30,True
parallel,1,4,1,8,11.258373,3414622208,59013,16cc94c0afee4553d18f37b8a0083b8f5011d32cab753c72f75e24a125664b30,True
parallel,2,2,1,10,10.681413,3437281280,59013,16cc94c0afee4553d18f37b8a0083b8f5011d32cab753c72f75e24a125664b30,True
parallel,2,5,1,10,10.899007,3497033728,59013,16cc94c0afee4553d18f37b8a0083b8f5011d32cab753c72f75e24a125664b30,True
parallel,2,1,1,10,11.281075,3315695616,59013,16cc94c0afee4553d18f37b8a0083b8f5011d32cab753c72f75e24a125664b30,True
parallel,1,3,1,8,10.932074,3363651584,59013,16cc94c0afee4553d18f37b8a0083b8f5011d32cab753c72f75e24a125664b30,True
parallel,2,3,1,2,15.55437,2843705344,59013,16cc94c0afee4553d18f37b8a0083b8f5011d32cab753c72f75e24a125664b30,True
parallel,1,5,1,1,21.081363,2989703168,59013,16cc94c0afee4553d18f37b8a0083b8f5011d32cab753c72f75e24a125664b30,True
parallel,10,3,1,10,11.03337,3298148352,59013,16cc94c0afee4553d18f37b8a0083b8f5011d32cab753c72f75e24a125664b30,True
parallel,2,1,1,2,14.296845,2951774208,59013,16cc94c0afee4553d18f37b8a0083b8f5011d32cab753c72f75e24a125664b30,True
parallel,6,4,1,10,11.864689,3167485952,59013,16cc94c0afee4553d18f37b8a0083b8f5011d32cab753c72f75e24a125664b30,True
parallel,1,2,1,12,10.555164,3447865344,59013,16cc94c0afee4553d18f37b8a0083b8f5011d32cab753c72f75e24a125664b30,True
parallel,2,3,1,10,11.249995,3246571520,59013,16cc94c0afee4553d18f37b8a0083b8f5011d32cab753c72f75e24a125664b30,True
parallel,1,2,1,1,18.528007,2941452288,59013,16cc94c0afee4553d18f37b8a0083b8f5011d32cab753c72f75e24a125664b30,True
parallel,1,4,1,12,10.727061,3235381248,59013,16cc94c0afee4553d18f37b8a0083b8f5011d32cab753c72f75e24a125664b30,True
parallel,6,3,1,10,11.537467,3239673856,59013,16cc94c0afee4553d18f37b8a0083b8f5011d32cab753c72f75e24a125664b30,True
parallel,2,5,1,2,13.600243,2899083264,59013,16cc94c0afee4553d18f37b8a0083b8f5011d32cab753c72f75e24a125664b30,True
parallel,1,5,1,12,11.025137,3426926592,59013,16cc94c0afee4553d18f37b8a0083b8f5011d32cab753c72f75e24a125664b30,True
parallel,6,2,1,10,11.30203,3271507968,59013,16cc94c0afee4553d18f37b8a0083b8f5011d32cab753c72f75e24a125664b30,True
parallel,1,1,1,8,10.785156,3392520192,59013,16cc94c0afee4553d18f37b8a0083b8f5011d32cab753c72f75e24a125664b30,True
parallel,1,3,1,12,11.757602,3837558784,59013,16cc94c0afee4553d18f37b8a0083b8f5011d32cab753c72f75e24a125664b30,True
